User,Item,Cluster,Prediction,Actual,Error,AvgCommon
134471,1333,0,3.4343434343434347,3.5454545454545454,0.11111111111111072,1.0598290598290598
134471,1162,0,3.5454545454545454,3.5454545454545454,0.0,1.0598290598290598
27768,1333,2,3.382777456978271,3.255972696245734,0.12680476073253732,39.66153846153846
27768,1162,2,3.3436451413656507,3.255972696245734,0.0876724451199169,39.66153846153846
16157,1333,2,3.1648050768543903,3.0958466453674123,0.068958431486978,44.026315789473685
16157,1162,2,3.089932681845905,3.0958466453674123,0.005913963521507082,44.026315789473685
